<?xml version="1.0" encoding="UTF-8"?>
<mw_config xmlns:xsi="http://www.w3.org/2001/XMLSchema-instance" xsi:noNamespaceSchemaLocation="mw_config.xsd">
	<global_config>
		<version>1.0</version>
		<id>0</id>
	</global_config>
	<kernel_config>
		<task_info_synch_period>3000</task_info_synch_period>
		<task_info_synch_port>7701</task_info_synch_port>
		<task_info_synch_timeout>30000</task_info_synch_timeout>
		<agent_check_period>5000</agent_check_period>
		<task_alive_check_num>2</task_alive_check_num>
		<log_file_path>./log/log</log_file_path>
	</kernel_config>
	<other_mw_config>
		<other_mw_info>
			<id>1</id>
			<ip>192.168.1.11</ip>
		</other_mw_info>
		<other_mw_info>
			<id>2</id>
			<ip>192.168.1.22</ip>
		</other_mw_info>
		<other_mw_info>
		<id>3</id>
		<ip>192.168.1.33</ip>
		</other_mw_info>
	</other_mw_config>
	<registerar_agent_config>
		<is_enabled>true</is_enabled>
		<bin_path>./agent/registrar_agent/registar_agent</bin_path>
		<listen_port>7702</listen_port>
		<listen_path>./agent/registrar_agent/domain_sock_path</listen_path>
		<persistent_channel_timeout>0</persistent_channel_timeout>
		<persistent_channel_check_period>5000</persistent_channel_check_period>
		<min_idle_api_handler_num>1</min_idle_api_handler_num>
		<max_idle_api_handler_num>1</max_idle_api_handler_num>
		<max_api_handler_num>1</max_api_handler_num>
		<api_handler_check_period>5000</api_handler_check_period>
		<task_shutdown_check_period>3000</task_shutdown_check_period>
		<max_task_num>256</max_task_num>
	</registerar_agent_config>
	<message_agent_config>
		<is_enabled>true</is_enabled>
		<bin_path>./agent/message_agent/message_agent</bin_path>
		<listen_port>7703</listen_port>
		<listen_path>./agent/message_agent/domain_sock_path</listen_path>
		<persistent_channel_timeout>300</persistent_channel_timeout>
		<persistent_channel_check_period>5000</persistent_channel_check_period>
		<min_idle_api_handler_num>5</min_idle_api_handler_num>
		<max_idle_api_handler_num>10</max_idle_api_handler_num>
		<max_api_handler_num>256</max_api_handler_num>
		<api_handler_check_period>5000</api_handler_check_period>
		<task_shutdown_check_period>3000</task_shutdown_check_period>
		<max_msg_len>65536</max_msg_len>
		<max_msg_num_per_task>100</max_msg_num_per_task>
	</message_agent_config>
	<timer_agent_config>
		<is_enabled>true</is_enabled>
		<bin_path>./agent/timer_agent/timer_agent</bin_path>
		<listen_port>7704</listen_port>
		<listen_path>./agent/timer_agent/domain_sock_path</listen_path>
		<persistent_channel_timeout>300</persistent_channel_timeout>
		<persistent_channel_check_period>5000</persistent_channel_check_period>
		<min_idle_api_handler_num>5</min_idle_api_handler_num>
		<max_idle_api_handler_num>10</max_idle_api_handler_num>
		<max_api_handler_num>256</max_api_handler_num>
		<api_handler_check_period>5000</api_handler_check_period>
		<task_shutdown_check_period>3000</task_shutdown_check_period>
		<max_timer_num_per_type>512</max_timer_num_per_type>
		<max_timer_num_per_task>16</max_timer_num_per_task>
	</timer_agent_config>
	<file_agent_config>
		<is_enabled>true</is_enabled>
		<bin_path>./agent/file_agent/file_agent</bin_path>
		<listen_port>7705</listen_port>
		<listen_path>./agent/timer_agent/domain_sock_path</listen_path>
		<persistent_channel_timeout>300</persistent_channel_timeout>
		<persistent_channel_check_period>5000</persistent_channel_check_period>
		<min_idle_api_handler_num>5</min_idle_api_handler_num>
		<max_idle_api_handler_num>10</max_idle_api_handler_num>
		<max_api_handler_num>256</max_api_handler_num>
		<api_handler_check_period>5000</api_handler_check_period>
		<task_shutdown_check_period>3000</task_shutdown_check_period>
	</file_agent_config>
	<semaphore_agent_config>
		<is_enabled>true</is_enabled>
		<bin_path>./agent/semaphore_agent/semaphore_agent</bin_path>
		<listen_port>7706</listen_port>
		<listen_path>./agent/semaphore_agent/domain_sock_path</listen_path>
		<persistent_channel_timeout>300</persistent_channel_timeout>
		<persistent_channel_check_period>5000</persistent_channel_check_period>
		<min_idle_api_handler_num>5</min_idle_api_handler_num>
		<max_idle_api_handler_num>10</max_idle_api_handler_num>
		<max_api_handler_num>256</max_api_handler_num>
		<api_handler_check_period>5000</api_handler_check_period>
		<task_shutdown_check_period>3000</task_shutdown_check_period>
	</semaphore_agent_config>
	<db_plc_comm_agent_config>
		<is_enabled>true</is_enabled>
		<bin_path>./agent/db_plc_comm_agent_agent/db_plc_comm_agent_agent</bin_path>
		<listen_port>7707</listen_port>
		<listen_path>./agent/db_plc_comm_agent_agent/domain_sock_path</listen_path>
		<persistent_channel_timeout>300</persistent_channel_timeout>
		<persistent_channel_check_period>5000</persistent_channel_check_period>
		<min_idle_api_handler_num>5</min_idle_api_handler_num>
		<max_idle_api_handler_num>10</max_idle_api_handler_num>
		<max_api_handler_num>256</max_api_handler_num>
		<api_handler_check_period>5000</api_handler_check_period>
		<task_shutdown_check_period>3000</task_shutdown_check_period>
	</db_plc_comm_agent_config>
	<task_shared_lib_config>
		<is_enabled>true</is_enabled>
		<shm_config_file_path>./config/task_shm_config.xml</shm_config_file_path>
		<shm_dump_file_path>./backup/shm</shm_dump_file_path>
		<shm_dump_period>3</shm_dump_period>
	</task_shared_lib_config>
</mw_config>
