<?xml version="1.0" encoding="UTF-8"?>
<posco_mw_shm xmlns:xsi="http://www.w3.org/2001/XMLSchema-instance" xsi:noNamespaceSchemaLocation="task_shm_config.xsd">
	<shm key="2002" lock_required="false">
		<table name="sNameCard" access_mode="rw" max_rec_num="100">
			<field type="s_int" name="MsgLength"/>
			<field type="s_char" name="scName" array_len="16"/>
			<field type="s_int" name="siJickbun"/>
			<field type="u_int" name="siAge"/>
		</table>
		<table name="sNameCard2" access_mode="rw" max_rec_num="100">
			<field type="s_int" name="MsgLength2"/>
			<field type="s_char" name="scName2" array_len="16"/>
			<field type="s_int" name="siJickbun2"/>
			<field type="u_int" name="siAge2"/>
		</table>
	</shm>
	<shm key="2003" lock_required="false">
		<table name="GTR2" access_mode="rw" max_rec_num="1000">
			<field type="s_char" name="heatsts" array_len="4"/>
			<field type="s_char" name="heatnum" array_len="6"/>
			<field type="s_char" name="plannum" array_len="5"/>
			<field type="s_short" name="seqnum" array_len="2"/>
		</table>
	</shm>
</posco_mw_shm>
