<?xml version="1.0" encoding="UTF-8"?>
<configurationDescriptor version="89">
  <logicalFolder name="root" displayName="root" projectFiles="true" kind="ROOT">
    <logicalFolder name="lib" displayName="lib" projectFiles="true" root="/usr/lib">
      <logicalFolder name="gcc" displayName="gcc" projectFiles="true">
        <logicalFolder name="x86_64-linux-gnu"
                       displayName="x86_64-linux-gnu"
                       projectFiles="true">
          <logicalFolder name="4.7" displayName="4.7" projectFiles="true">
            <logicalFolder name="include" displayName="include" projectFiles="true">
              <itemPath>/usr/lib/gcc/x86_64-linux-gnu/4.7/include/emmintrin.h</itemPath>
              <itemPath>/usr/lib/gcc/x86_64-linux-gnu/4.7/include/float.h</itemPath>
              <itemPath>/usr/lib/gcc/x86_64-linux-gnu/4.7/include/mm_malloc.h</itemPath>
              <itemPath>/usr/lib/gcc/x86_64-linux-gnu/4.7/include/mmintrin.h</itemPath>
              <itemPath>/usr/lib/gcc/x86_64-linux-gnu/4.7/include/stdarg.h</itemPath>
              <itemPath>/usr/lib/gcc/x86_64-linux-gnu/4.7/include/stddef.h</itemPath>
              <itemPath>/usr/lib/gcc/x86_64-linux-gnu/4.7/include/stdint.h</itemPath>
              <itemPath>/usr/lib/gcc/x86_64-linux-gnu/4.7/include/xmmintrin.h</itemPath>
            </logicalFolder>
            <logicalFolder name="include-fixed"
                           displayName="include-fixed"
                           projectFiles="true">
              <itemPath>/usr/lib/gcc/x86_64-linux-gnu/4.7/include-fixed/limits.h</itemPath>
              <itemPath>/usr/lib/gcc/x86_64-linux-gnu/4.7/include-fixed/syslimits.h</itemPath>
            </logicalFolder>
          </logicalFolder>
        </logicalFolder>
      </logicalFolder>
      <itemPath>/usr/lib/libvtkCommon.so.5.8.0</itemPath>
    </logicalFolder>
    <df root="." name="0">
      <df name="CMakeFiles">
        <in>tools.cpp</in>
        <in>tools.h</in>
      </df>
      <in>pclBox.cpp</in>
      <in>tools.cpp</in>
      <in>tools.h</in>
    </df>
    <logicalFolder name="ExternalFiles"
                   displayName="Important Files"
                   projectFiles="false"
                   kind="IMPORTANT_FILES_FOLDER">
      <itemPath>CMakeLists.txt</itemPath>
      <itemPath>Makefile</itemPath>
    </logicalFolder>
  </logicalFolder>
  <sourceFolderFilter>^(nbproject)$</sourceFolderFilter>
  <sourceRootList>
    <Elem>.</Elem>
    <Elem>../Pcl/OpenNI-Linux-x64-2.2/Include</Elem>
    <Elem>/usr/local/include/pcl-1.7</Elem>
    <Elem>../Pcl/pcl-trunk/build/include/pcl</Elem>
  </sourceRootList>
  <projectmakefile>Makefile</projectmakefile>
  <confs>
    <conf name="Default" type="0">
      <toolsSet>
        <remote-sources-mode>LOCAL_SOURCES</remote-sources-mode>
        <compilerSet>default</compilerSet>
        <dependencyChecking>false</dependencyChecking>
        <rebuildPropChanged>false</rebuildPropChanged>
      </toolsSet>
      <codeAssistance>
      </codeAssistance>
      <makefileType>
        <makeTool>
          <buildCommandWorkingDir>.</buildCommandWorkingDir>
          <buildCommand>${MAKE} -f Makefile</buildCommand>
          <cleanCommand>${MAKE} -f Makefile clean</cleanCommand>
          <executablePath>pclBox</executablePath>
          <ccTool>
            <standard>8</standard>
            <incDir>
              <pElem>/usr/include/vtk-5.8</pElem>
            </incDir>
            <preprocessorList>
              <Elem>EIGEN_USE_NEW_STDVECTOR</Elem>
              <Elem>EIGEN_YES_I_KNOW_SPARSE_MODULE_IS_NOT_STABLE_YET</Elem>
              <Elem>FLANN_STATIC</Elem>
              <Elem>qh_QHpointer</Elem>
            </preprocessorList>
          </ccTool>
        </makeTool>
      </makefileType>
      <item path="/usr/lib/libvtkCommon.so.5.8.0" ex="false" tool="1" flavor2="4">
        <ccTool>
        </ccTool>
      </item>
      <item path="CMakeFiles/tools.cpp" ex="false" tool="1" flavor2="0">
      </item>
      <item path="CMakeFiles/tools.h" ex="false" tool="3" flavor2="0">
      </item>
      <folder path="0">
        <ccTool>
          <incDir>
            <pElem>/usr/local/include/pcl-1.7</pElem>
            <pElem>/usr/include/eigen3</pElem>
            <pElem>/usr/include/ni</pElem>
            <pElem>/usr/include/qhull</pElem>
          </incDir>
        </ccTool>
      </folder>
      <folder path="lib">
        <ccTool>
          <incDir>
            <pElem>/usr/include/pcl-1.6</pElem>
            <pElem>/usr/include/eigen3</pElem>
            <pElem>/usr/include/openni</pElem>
            <pElem>/usr/include/qhull</pElem>
            <pElem>.</pElem>
          </incDir>
        </ccTool>
      </folder>
      <item path="pclBox.cpp" ex="false" tool="1" flavor2="0">
      </item>
      <item path="tools.cpp" ex="false" tool="1" flavor2="0">
      </item>
      <item path="tools.h" ex="false" tool="3" flavor2="0">
      </item>
    </conf>
  </confs>
</configurationDescriptor>
