<?xml version="1.0" encoding="UTF-8"?>
<project xmlns="http://www.netbeans.org/ns/project/1">
    <type>org.netbeans.modules.cnd.makeproject</type>
    <configuration>
        <data xmlns="http://www.netbeans.org/ns/make-project/1">
            <name>pclBox</name>
            <c-extensions>c</c-extensions>
            <cpp-extensions>cpp</cpp-extensions>
            <header-extensions>h</header-extensions>
            <sourceEncoding>UTF-8</sourceEncoding>
            <make-dep-projects/>
            <sourceRootList>
                <sourceRootElem>.</sourceRootElem>
                <sourceRootElem>../Pcl/OpenNI-Linux-x64-2.2/Include</sourceRootElem>
                <sourceRootElem>/usr/local/include/pcl-1.7</sourceRootElem>
                <sourceRootElem>../Pcl/pcl-trunk/build/include/pcl</sourceRootElem>
            </sourceRootList>
            <confList>
                <confElem>
                    <name>Default</name>
                    <type>0</type>
                </confElem>
            </confList>
            <formatting>
                <project-formatting-style>false</project-formatting-style>
            </formatting>
        </data>
    </configuration>
</project>
